{
  "results": [
    {
      "command": "cargo mpirun -n 1 --oversubscribe --release --bin pi_rect_mpi",
      "mean": 1.6950412619400002,
      "stddev": 0.028793600161929108,
      "median": 1.6960882024400001,
      "user": 1.46220042,
      "system": 0.16568756,
      "min": 1.6404461254400002,
      "max": 1.74619647244,
      "times": [
        1.68035970444,
        1.71119656244,
        1.7194897854400002,
        1.6404461254400002,
        1.70388758244,
        1.69425373044,
        1.74619647244,
        1.6979226744400002,
        1.68682036044,
        1.6698396214400002
      ],
      "exit_codes": [
        0,
        0,
        0,
        0,
        0,
        0,
        0,
        0,
        0,
        0
      ],
      "parameters": {
        "nprocs": "1"
      }
    },
    {
      "command": "cargo mpirun -n 2 --oversubscribe --release --bin pi_rect_mpi",
      "mean": 1.04067095644,
      "stddev": 0.05107392301450681,
      "median": 1.03799906644,
      "user": 1.53136072,
      "system": 0.14388826000000002,
      "min": 0.9502061724400002,
      "max": 1.1319930174400001,
      "times": [
        1.03503678544,
        1.0620398124400001,
        1.04120794544,
        1.1319930174400001,
        1.10342782744,
        1.02098234144,
        0.99799476444,
        1.0409613474400001,
        0.9502061724400002,
        1.02285955044
      ],
      "exit_codes": [
        0,
        0,
        0,
        0,
        0,
        0,
        0,
        0,
        0,
        0
      ],
      "parameters": {
        "nprocs": "2"
      }
    },
    {
      "command": "cargo mpirun -n 4 --oversubscribe --release --bin pi_rect_mpi",
      "mean": 0.7824381010400001,
      "stddev": 0.04528598709553985,
      "median": 0.78390243144,
      "user": 1.7148559200000002,
      "system": 0.18880116,
      "min": 0.70937925444,
      "max": 0.8775712524400001,
      "times": [
        0.7866126474400001,
        0.7924146764400001,
        0.70937925444,
        0.7427069404400001,
        0.7506255924400002,
        0.8775712524400001,
        0.7749335874400001,
        0.7811922154400001,
        0.8173763324400001,
        0.7915685114400001
      ],
      "exit_codes": [
        0,
        0,
        0,
        0,
        0,
        0,
        0,
        0,
        0,
        0
      ],
      "parameters": {
        "nprocs": "4"
      }
    },
    {
      "command": "cargo mpirun -n 6 --oversubscribe --release --bin pi_rect_mpi",
      "mean": 0.77050904344,
      "stddev": 0.08504056829373005,
      "median": 0.7872502129400001,
      "user": 2.2373343199999995,
      "system": 0.21270686,
      "min": 0.64069106744,
      "max": 0.8670815834400001,
      "times": [
        0.8670815834400001,
        0.7595302064400001,
        0.65887990244,
        0.8666414794400001,
        0.8551793164400001,
        0.68036982044,
        0.7978576944400001,
        0.64069106744,
        0.7766427314400001,
        0.8022166324400001
      ],
      "exit_codes": [
        0,
        0,
        0,
        0,
        0,
        0,
        0,
        0,
        0,
        0
      ],
      "parameters": {
        "nprocs": "6"
      }
    },
    {
      "command": "cargo mpirun -n 8 --oversubscribe --release --bin pi_rect_mpi",
      "mean": 1.32508468374,
      "stddev": 0.08648718587111912,
      "median": 1.30545880244,
      "user": 3.26126222,
      "system": 2.24109206,
      "min": 1.21478747444,
      "max": 1.48132931844,
      "times": [
        1.22452673344,
        1.43536941044,
        1.48132931844,
        1.36688843844,
        1.3615514234400001,
        1.29720905544,
        1.2782847434400002,
        1.31370854944,
        1.21478747444,
        1.27719169044
      ],
      "exit_codes": [
        0,
        0,
        0,
        0,
        0,
        0,
        0,
        0,
        0,
        0
      ],
      "parameters": {
        "nprocs": "8"
      }
    },
    {
      "command": "cargo mpirun -n 10 --oversubscribe --release --bin pi_rect_mpi",
      "mean": 1.42355735244,
      "stddev": 0.04525516096094842,
      "median": 1.42231225394,
      "user": 3.924990619999999,
      "system": 3.1456345599999995,
      "min": 1.3432353004400002,
      "max": 1.49274722744,
      "times": [
        1.37356908344,
        1.4299368644400001,
        1.42555924144,
        1.39865187244,
        1.3432353004400002,
        1.46233290344,
        1.41906526644,
        1.4172578284400001,
        1.49274722744,
        1.47321793644
      ],
      "exit_codes": [
        0,
        0,
        0,
        0,
        0,
        0,
        0,
        0,
        0,
        0
      ],
      "parameters": {
        "nprocs": "10"
      }
    }
  ]
}
